{"cameraMode":{"drawMode":0,"name":"Shaded","section":"Shading Mode"},"sceneLighting":true,"audioPlay":false,"sceneViewState":{"showFog":true,"showMaterialUpdate":false,"showSkybox":true,"showFlares":true,"showImageEffects":true,"showParticleSystems":true},"in2DMode":false,"pivot":{"x":3.577650547027588,"y":-22.1840877532959,"z":3.2574052810668947},"rotation":{"x":-0.17727860808372498,"y":-0.8119468688964844,"z":0.3128426671028137,"w":-0.45989954471588137},"size":81.53551483154297,"orthographic":false}