{"cameraMode":{"drawMode":0,"name":"Shaded","section":"Shading Mode"},"sceneLighting":true,"audioPlay":false,"sceneViewState":{"showFog":true,"showMaterialUpdate":false,"showSkybox":true,"showFlares":true,"showImageEffects":true,"showParticleSystems":true},"in2DMode":false,"pivot":{"x":13.819190979003907,"y":-3.2280991077423097,"z":27.67441749572754},"rotation":{"x":-0.5094878077507019,"y":-0.4905959367752075,"z":0.4988631010055542,"w":-0.50094074010849},"size":79.59578704833985,"orthographic":false}