{"cameraMode":{"drawMode":0,"name":"Shaded","section":"Shading Mode"},"sceneLighting":true,"audioPlay":false,"sceneViewState":{"showFog":true,"showMaterialUpdate":false,"showSkybox":true,"showFlares":true,"showImageEffects":true,"showParticleSystems":true},"in2DMode":false,"pivot":{"x":47.82628631591797,"y":-22.139427185058595,"z":45.094329833984378},"rotation":{"x":-0.2550313472747803,"y":-0.26912230253219607,"z":0.07412619888782501,"w":-0.9257689714431763},"size":102.00032806396485,"orthographic":false}