{"cameraMode":{"drawMode":0,"name":"Shaded","section":"Shading Mode"},"sceneLighting":true,"audioPlay":false,"sceneViewState":{"showFog":true,"showMaterialUpdate":false,"showSkybox":true,"showFlares":true,"showImageEffects":true,"showParticleSystems":true},"in2DMode":false,"pivot":{"x":12.336578369140625,"y":0.42681756615638735,"z":18.350893020629884},"rotation":{"x":-0.3131760060787201,"y":-0.17502625286579133,"z":0.05884389951825142,"w":-0.9315756559371948},"size":46.5611686706543,"orthographic":false}